{
  "problem_name": "irregular_poisson_2d",
  "variant": "softplus_raw_pu_bd",
  "n_side": 15,
  "n_nodes": 225,
  "h": 0.07142857142857142,
  "kappa": 2.5,
  "jitter": 0.0,
  "support_radius": 0.17857142857142855,
  "seed": 42,
  "phase_a_steps": 1200,
  "phase_b_steps": 1200,
  "lambda_h_max": 0.9999999999996119,
  "lambda_h_mean": 0.9999999999995851,
  "pu_rmse": 4.152768657048434e-13,
  "pu_linf": 5.511147094239277e-13,
  "linear_x_rmse": 0.006682960140570576,
  "linear_y_rmse": 0.003165082217486478,
  "l2_error": 0.024087236242665913,
  "h1_semi_error": 0.6642875546978397,
  "boundary_l2": 0.0449031934908735
}