{
  "n_nodes": 11,
  "h": 0.1,
  "support_radius": 0.2,
  "steps": 120,
  "batch_size": 256,
  "lr": 0.001,
  "hidden_dim": 16,
  "center_node_index": 5,
  "boundary_node_index": 0,
  "global_l2": 0.022558096125470006,
  "global_linf": 0.14048866674052696,
  "center_l2": 0.02260415463196094,
  "center_linf": 0.08795407037718417,
  "boundary_l2": 0.018448810130287648,
  "boundary_linf": 0.14048866674052696,
  "pu_max_error": 1.4693801730913947e-12,
  "linear_reproduction_rmse": 0.002562090350035985
}