{
  "problem_name": "sinusoidal_poisson_2d",
  "variant": "softplus_raw_pu_bd",
  "n_side": 15,
  "n_nodes": 225,
  "h": 0.07142857142857142,
  "kappa": 2.5,
  "support_radius": 0.17857142857142855,
  "seed": 42,
  "phase_a_steps": 1200,
  "phase_b_steps": 1600,
  "lambda_h_max": 0.9999999999994307,
  "lambda_h_mean": 0.9999999999989337,
  "pu_rmse": 1.083334439230562e-12,
  "pu_linf": 1.3700152123874432e-12,
  "linear_x_rmse": 0.007287358642378655,
  "linear_y_rmse": 0.006368759843050799,
  "l2_error": 0.08191063977642037,
  "h1_semi_error": 1.236200289704981,
  "boundary_l2": 0.018038991858643143
}