{
  "case": {
    "dimension": 2,
    "variant": "softplus_raw_pu_bd",
    "n_side": 5,
    "n_nodes": 25,
    "h": 0.25,
    "kappa": 2.5,
    "support_radius": 0.625,
    "quadrature_order": 4,
    "seed": 42
  },
  "learned": {
    "lambda_h_max": 0.9999999999993285,
    "lambda_h_mean": 0.9999999999992398,
    "orphan_ratio": 0.0,
    "phi_sum_min": 1.1661846530526294,
    "phi_sum_p01": 1.1674748303279312,
    "mass_sum_residual": 7.344125307895411e-13,
    "moment_x_residual": 0.004561069414412144,
    "moment_y_residual": 0.0016682387488837214,
    "int_pu_residual": 7.343673135146048e-13,
    "int_x_repro_residual": 0.004561069414412207,
    "int_y_repro_residual": 0.001668238748883835,
    "moment_matrix_residual_fro": 0.009689041168779666,
    "moment_matrix_residual_max": 0.007508077452273054,
    "derivative_boundary_residual_fro": 0.12028134495737178,
    "derivative_boundary_residual_max": 0.03518254968604681,
    "derivative_matrix_residual_fro": 0.24871590460050266,
    "derivative_matrix_residual_max": 0.16105723005986516
  },
  "rkpm": {
    "lambda_h_max": 1.0108014140674921,
    "lambda_h_mean": 1.002700353516873,
    "orphan_ratio": 0.0,
    "phi_sum_min": 0.9999999999999996,
    "phi_sum_p01": 0.9999999999999996,
    "mass_sum_residual": 0.0,
    "moment_x_residual": 0.0,
    "moment_y_residual": 1.1102230246251565e-16,
    "int_pu_residual": 4.8584229797372203e-17,
    "int_x_repro_residual": 2.1377464030188882e-17,
    "int_y_repro_residual": 4.577602847471452e-17,
    "moment_matrix_residual_fro": 2.0014830212433605e-16,
    "moment_matrix_residual_max": 1.1102230246251565e-16,
    "derivative_boundary_residual_fro": 0.02544517841561129,
    "derivative_boundary_residual_max": 0.004460332752431864,
    "derivative_matrix_residual_fro": 1.5294529247885041e-15,
    "derivative_matrix_residual_max": 7.799569496893719e-16
  },
  "comparison": {
    "learned_minus_rkpm_derivative_boundary_residual_fro": 0.09483616654176048,
    "learned_over_rkpm_derivative_boundary_residual_fro": 4.727078073210758,
    "learned_minus_rkpm_derivative_boundary_residual_max": 0.030722216933614946,
    "learned_over_rkpm_derivative_boundary_residual_max": 7.887875555218289,
    "learned_minus_rkpm_derivative_matrix_residual_fro": 0.24871590460050114,
    "learned_over_rkpm_derivative_matrix_residual_fro": 162617561200777.47,
    "learned_minus_rkpm_derivative_matrix_residual_max": 0.1610572300598644,
    "learned_over_rkpm_derivative_matrix_residual_max": 206495025301086.56,
    "learned_minus_rkpm_int_pu_residual": 7.343187292848074e-13,
    "learned_minus_rkpm_int_x_repro_residual": 0.004561069414412185,
    "learned_minus_rkpm_int_y_repro_residual": 0.0016682387488837892,
    "learned_minus_rkpm_lambda_h_max": -0.010801414068163595,
    "learned_over_rkpm_lambda_h_max": 0.9893140097373841,
    "learned_minus_rkpm_lambda_h_mean": -0.0027003535176332027,
    "learned_over_rkpm_lambda_h_mean": 0.9973069187537813,
    "learned_minus_rkpm_mass_sum_residual": 7.344125307895411e-13,
    "learned_minus_rkpm_moment_matrix_residual_fro": 0.009689041168779467,
    "learned_over_rkpm_moment_matrix_residual_fro": 48409309826473.79,
    "learned_minus_rkpm_moment_matrix_residual_max": 0.007508077452272943,
    "learned_over_rkpm_moment_matrix_residual_max": 67626749632651.5,
    "learned_minus_rkpm_moment_x_residual": 0.004561069414412144,
    "learned_minus_rkpm_moment_y_residual": 0.0016682387488836103,
    "learned_over_rkpm_moment_y_residual": 15026158815675.5,
    "learned_minus_rkpm_orphan_ratio": 0.0,
    "learned_minus_rkpm_phi_sum_min": 0.16618465305262986,
    "learned_over_rkpm_phi_sum_min": 1.1661846530526299,
    "learned_minus_rkpm_phi_sum_p01": 0.16747483032793165,
    "learned_over_rkpm_phi_sum_p01": 1.1674748303279316
  }
}