{
  "problem_name": "stability_ablation_2d",
  "variant": "no_softplus_teacher",
  "n_side": 7,
  "n_nodes": 49,
  "h": 0.16666666666666666,
  "kappa": 2.5,
  "support_radius": 0.41666666666666663,
  "seed": 42,
  "phase_a_steps": 2,
  "lambda_h_max": 0.9999999999993645,
  "lambda_h_mean": 0.9999999999992917,
  "pu_rmse": 7.138078155923366e-13,
  "pu_linf": 1.0604850331219495e-12,
  "linear_x_rmse": 0.01783354141390806,
  "linear_y_rmse": 0.020398129816932807
}