{
  "problem_name": "sinusoidal_poisson_2d",
  "variant": "softplus_raw_pu_bd",
  "n_side": 11,
  "n_nodes": 121,
  "h": 0.1,
  "kappa": 2.5,
  "support_radius": 0.25,
  "seed": 42,
  "phase_a_steps": 1200,
  "phase_b_steps": 2200,
  "lambda_h_max": 0.9999999999997087,
  "lambda_h_mean": 0.9999999999996867,
  "pu_rmse": 3.137009696642932e-13,
  "pu_linf": 4.156675004196586e-13,
  "linear_x_rmse": 0.010209775574820631,
  "linear_y_rmse": 0.003728670782477081,
  "l2_error": 0.02766224684363289,
  "h1_semi_error": 0.5041962789202672,
  "boundary_l2": 0.04381343901531671
}