{
  "problem_name": "sinusoidal_poisson_2d",
  "variant": "softplus_raw_pu_bd",
  "n_side": 7,
  "n_nodes": 49,
  "h": 0.16666666666666666,
  "kappa": 2.5,
  "support_radius": 0.41666666666666663,
  "seed": 42,
  "phase_a_steps": 1,
  "phase_b_steps": 1,
  "lambda_h_max": 0.9999999999993328,
  "lambda_h_mean": 0.9999999999992326,
  "pu_rmse": 7.753530519659052e-13,
  "pu_linf": 1.1146639167236572e-12,
  "linear_x_rmse": 0.019549239904239527,
  "linear_y_rmse": 0.023509331413756954,
  "l2_error": 0.0744052031033858,
  "h1_semi_error": 0.8760589599482417,
  "boundary_l2": 0.09023873828862951
}