{
  "n_nodes": 11,
  "h": 0.1,
  "support_radius": 0.2,
  "steps": 1200,
  "batch_size": 512,
  "lr": 0.001,
  "hidden_dim": 16,
  "center_node_index": 5,
  "boundary_node_index": 0,
  "global_l2": 0.034073034028567366,
  "global_linf": 0.13448319198453818,
  "center_l2": 0.03683044248735666,
  "center_linf": 0.13448319198453784,
  "boundary_l2": 0.01976978201515704,
  "boundary_linf": 0.12105200196332233,
  "pu_max_error": 1.1144418721187321e-12,
  "pu_raw_sum_rmse": 0.013710203883027808,
  "linear_reproduction_rmse": 0.0019094048980296539
}