{
  "case": {
    "dimension": 1,
    "n_nodes": 7,
    "h": 0.16666666666666666,
    "support_factor": 2.0,
    "support_radius": 0.3333333333333333,
    "quadrature_order": 6,
    "seed": 42
  },
  "learned": {
    "orphan_ratio": 0.0,
    "phi_sum_min": -0.1453650532895147,
    "phi_sum_p01": -0.14531936829180736,
    "mass_sum_residual": 7.356559805771212e-12,
    "moment_x_residual": 0.02819202513054031,
    "int_pu_residual": 7.356273397072923e-12,
    "int_x_repro_residual": 0.028192025130540192,
    "moment_matrix_residual_fro": 0.032498540308230364,
    "moment_matrix_residual_max": 0.0281920251305402,
    "derivative_boundary_residual_fro": 1.8459416857655644,
    "derivative_boundary_residual_max": 0.9021409256375437,
    "derivative_matrix_residual_fro": 0.3471527645835373,
    "derivative_matrix_residual_max": 0.3014269319780881,
    "lambda_h_max": 1.052449993907531,
    "lambda_h_mean": 1.0172798917944021
  },
  "rkpm": {
    "orphan_ratio": 0.0,
    "phi_sum_min": 0.9999999998032232,
    "phi_sum_p01": 0.9999999998032232,
    "mass_sum_residual": 1.2320966469303585e-10,
    "moment_x_residual": 6.160483234651792e-11,
    "int_pu_residual": 1.2320974978870313e-10,
    "int_x_repro_residual": 6.16048603752899e-11,
    "moment_matrix_residual_fro": 1.56937334744435e-10,
    "moment_matrix_residual_max": 1.232097757153383e-10,
    "derivative_boundary_residual_fro": 0.2843982395798479,
    "derivative_boundary_residual_max": 0.12106567160657189,
    "derivative_matrix_residual_fro": 4.391119309434034e-10,
    "derivative_matrix_residual_max": 3.100861789562259e-10,
    "lambda_h_max": 0.999999999892,
    "lambda_h_mean": 0.9999999998624075
  },
  "comparison": {
    "learned_minus_rkpm_derivative_boundary_residual_fro": 1.5615434461857165,
    "learned_over_rkpm_derivative_boundary_residual_fro": 6.490693080564221,
    "learned_minus_rkpm_derivative_boundary_residual_max": 0.7810752540309718,
    "learned_over_rkpm_derivative_boundary_residual_max": 7.4516658080354805,
    "learned_minus_rkpm_derivative_matrix_residual_fro": 0.34715276414442536,
    "learned_over_rkpm_derivative_matrix_residual_fro": 790579212.5431485,
    "learned_minus_rkpm_derivative_matrix_residual_max": 0.30142693166800194,
    "learned_over_rkpm_derivative_matrix_residual_max": 972074708.3688622,
    "learned_minus_rkpm_int_pu_residual": -1.1585347639163021e-10,
    "learned_over_rkpm_int_pu_residual": 0.05970528638917345,
    "learned_minus_rkpm_int_x_repro_residual": 0.028192025068935332,
    "learned_over_rkpm_int_x_repro_residual": 457626637.8788546,
    "learned_minus_rkpm_lambda_h_max": 0.052449994015530965,
    "learned_over_rkpm_lambda_h_max": 1.0524499940211955,
    "learned_minus_rkpm_lambda_h_mean": 0.01727989193199464,
    "learned_over_rkpm_lambda_h_mean": 1.0172798919343722,
    "learned_minus_rkpm_mass_sum_residual": -1.1585310488726464e-10,
    "learned_over_rkpm_mass_sum_residual": 0.059707652188643816,
    "learned_minus_rkpm_moment_matrix_residual_fro": 0.032498540151293026,
    "learned_over_rkpm_moment_matrix_residual_fro": 207079726.1923219,
    "learned_minus_rkpm_moment_matrix_residual_max": 0.028192025007330423,
    "learned_over_rkpm_moment_matrix_residual_max": 228813216.86417606,
    "learned_minus_rkpm_moment_x_residual": 0.028192025068935478,
    "learned_over_rkpm_moment_x_residual": 457626846.08837837,
    "learned_minus_rkpm_orphan_ratio": 0.0,
    "learned_minus_rkpm_phi_sum_min": -1.145365053092738,
    "learned_over_rkpm_phi_sum_min": -0.1453650533181192,
    "learned_minus_rkpm_phi_sum_p01": -1.1453193680950307,
    "learned_over_rkpm_phi_sum_p01": -0.14531936832040285
  }
}