{
  "problem_name": "stability_ablation_2d",
  "variant": "no_softplus_teacher",
  "n_side": 15,
  "n_nodes": 225,
  "h": 0.07142857142857142,
  "kappa": 2.5,
  "support_radius": 0.17857142857142855,
  "seed": 42,
  "phase_a_steps": 1500,
  "lambda_h_max": 0.9999999999989364,
  "lambda_h_mean": 0.9999999999970884,
  "pu_rmse": 3.022371269903122e-12,
  "pu_linf": 4.569900013962069e-12,
  "linear_x_rmse": 0.009689267732090537,
  "linear_y_rmse": 0.008533334483465462
}