{
  "problem_name": "irregular_poisson_2d",
  "variant": "softplus_raw_pu_bd",
  "n_side": 15,
  "n_nodes": 225,
  "h": 0.07142857142857142,
  "kappa": 2.5,
  "jitter": 0.2,
  "support_radius": 0.17857142857142855,
  "seed": 42,
  "phase_a_steps": 1200,
  "phase_b_steps": 1200,
  "lambda_h_max": 0.9999999999994797,
  "lambda_h_mean": 0.9999999999991958,
  "pu_rmse": 8.147982206293589e-13,
  "pu_linf": 1.4844792062262968e-12,
  "linear_x_rmse": 0.005053898445404139,
  "linear_y_rmse": 0.005550693700283944,
  "l2_error": 0.026337434402691026,
  "h1_semi_error": 0.7580916833396389,
  "boundary_l2": 0.043150029801591945
}