{
  "problem_name": "stability_ablation_2d",
  "variant": "no_softplus_teacher_reg",
  "n_side": 15,
  "n_nodes": 225,
  "h": 0.07142857142857142,
  "kappa": 2.5,
  "support_radius": 0.17857142857142855,
  "seed": 42,
  "phase_a_steps": 1500,
  "lambda_h_max": 0.9999999999992542,
  "lambda_h_mean": 0.9999999999981763,
  "pu_rmse": 1.8788468866313154e-12,
  "pu_linf": 2.7207125441464086e-12,
  "linear_x_rmse": 0.00870667546141461,
  "linear_y_rmse": 0.007495022004280114
}