{
  "n_nodes": 11,
  "h": 0.1,
  "support_radius": 0.2,
  "steps": 1200,
  "batch_size": 512,
  "lr": 0.001,
  "lambda_pu": 0.1,
  "lambda_bd": 1.0,
  "hidden_dim": 16,
  "center_node_index": 5,
  "boundary_node_index": 0,
  "global_l2": 3.435015828112462,
  "global_linf": 19.294774016214426,
  "center_l2": 4.024262939033885,
  "center_linf": 19.29477401621369,
  "boundary_l2": 1.9220183493575396,
  "boundary_linf": 17.44244914895419,
  "pu_max_error": 5.409876990825069e-10,
  "pu_raw_sum_rmse": 1.0330533784658633,
  "linear_reproduction_rmse": 0.0425702184465984,
  "phi0_at_x0": 1.0005962780485531,
  "phiN_at_x1": 1.0051506123817504,
  "first_moment_at_x0": -5.96278035846954e-05,
  "first_moment_at_x1": 1.000515061249638
}