{
  "problem_name": "sinusoidal_poisson_2d",
  "variant": "softplus_raw_pu_bd",
  "n_side": 15,
  "n_nodes": 225,
  "h": 0.07142857142857142,
  "kappa": 2.5,
  "support_radius": 0.17857142857142855,
  "seed": 42,
  "phase_a_steps": 1200,
  "phase_b_steps": 1600,
  "lambda_h_max": 0.9999999999996039,
  "lambda_h_mean": 0.9999999999995777,
  "pu_rmse": 4.2276238701872373e-13,
  "pu_linf": 5.613287612504791e-13,
  "linear_x_rmse": 0.006551733887070164,
  "linear_y_rmse": 0.0032755895957792616,
  "l2_error": 0.030393437396138655,
  "h1_semi_error": 0.6736895083406714,
  "boundary_l2": 0.014840697842239091
}