{
  "n_nodes": 11,
  "h": 0.1,
  "support_radius": 0.2,
  "steps": 1200,
  "batch_size": 512,
  "lr": 0.001,
  "lambda_teacher": 1.0,
  "lambda_bd": 0.1,
  "lambda_reg": 0.0001,
  "hidden_dim": 16,
  "center_node_index": 5,
  "boundary_node_index": 0,
  "global_l2": 0.04908594295969387,
  "global_linf": 0.25181641887765993,
  "center_l2": 0.053927306793419706,
  "center_linf": 0.25181641887765704,
  "boundary_l2": 0.027632727073442956,
  "boundary_linf": 0.1292727763017123,
  "pu_max_error": 7.385425604411466e-12,
  "pu_raw_sum_rmse": 1.174623771457102,
  "linear_reproduction_rmse": 0.007504642009530487,
  "phi0_at_x0": 0.9605874197992579,
  "phiN_at_x1": 0.9544516468930957,
  "first_moment_at_x0": 0.0039412580208125,
  "first_moment_at_x1": 0.995445164695914
}