{
  "n_nodes": 11,
  "h": 0.1,
  "support_radius": 0.2,
  "steps": 1200,
  "batch_size": 512,
  "lr": 0.001,
  "lambda_pu": 0.1,
  "lambda_bd": 1.0,
  "hidden_dim": 16,
  "center_node_index": 5,
  "boundary_node_index": 0,
  "global_l2": 0.0899971429601703,
  "global_linf": 0.314311437060507,
  "center_l2": 0.09787036571839716,
  "center_linf": 0.3143114370605049,
  "boundary_l2": 0.05472174645566895,
  "boundary_linf": 0.23434822411596362,
  "pu_max_error": 1.184607967275042e-12,
  "pu_raw_sum_rmse": 0.05758781774006153,
  "linear_reproduction_rmse": 0.014664611452426016,
  "phi0_at_x0": 0.9911143125016293,
  "phiN_at_x1": 0.9896821732016662,
  "first_moment_at_x0": 0.0008885687497469932,
  "first_moment_at_x1": 0.9989682173193588
}