{
  "problem_name": "linear_patch_2d",
  "variant": "softplus_raw_pu_bd",
  "n_side": 15,
  "n_nodes": 225,
  "h": 0.07142857142857142,
  "kappa": 2.5,
  "support_radius": 0.17857142857142855,
  "seed": 42,
  "phase_a_steps": 1500,
  "lambda_h_max": 0.9999999999993909,
  "lambda_h_mean": 0.9999999999989598,
  "pu_rmse": 1.0507412408345455e-12,
  "pu_linf": 1.3204992654891612e-12,
  "linear_x_rmse": 0.006942004517365638,
  "linear_y_rmse": 0.006176188027754616
}