{
  "problem_name": "sinusoidal_poisson_2d",
  "variant": "no_softplus_teacher",
  "n_side": 15,
  "n_nodes": 225,
  "h": 0.07142857142857142,
  "kappa": 2.0,
  "support_radius": 0.14285714285714285,
  "seed": 42,
  "phase_a_steps": 1500,
  "phase_b_steps": 2200,
  "lambda_h_max": 1.0000000000011815,
  "lambda_h_mean": 1.0000000000008284,
  "pu_rmse": 8.293939747459569e-13,
  "pu_linf": 1.1797229859666913e-12,
  "linear_x_rmse": 0.002388190399805321,
  "linear_y_rmse": 0.002523139723675106,
  "l2_error": 0.03940051757667467,
  "h1_semi_error": 0.40775556417267783,
  "boundary_l2": 0.0440913115023272
}