{
  "problem_name": "sinusoidal_poisson_2d",
  "variant": "softplus_raw_pu_bd",
  "n_side": 7,
  "n_nodes": 49,
  "h": 0.16666666666666666,
  "kappa": 2.5,
  "support_radius": 0.41666666666666663,
  "seed": 42,
  "phase_a_steps": 2,
  "phase_b_steps": 2,
  "lambda_h_max": 0.9999999999993334,
  "lambda_h_mean": 0.9999999999992474,
  "pu_rmse": 7.588990504301236e-13,
  "pu_linf": 1.1110001807423942e-12,
  "linear_x_rmse": 0.017468118680009723,
  "linear_y_rmse": 0.021081074518026915,
  "l2_error": 0.07058185206807971,
  "h1_semi_error": 0.8160361599444702,
  "boundary_l2": 0.08249607778929416
}