{
  "problem_name": "sinusoidal_poisson_2d",
  "variant": "no_softplus_teacher_reg",
  "n_side": 21,
  "n_nodes": 441,
  "h": 0.05,
  "kappa": 2.5,
  "support_radius": 0.125,
  "seed": 42,
  "phase_a_steps": 1500,
  "phase_b_steps": 2200,
  "lambda_h_max": 0.9999999999990836,
  "lambda_h_mean": 0.9999999999990514,
  "pu_rmse": 9.505677043509732e-13,
  "pu_linf": 1.5364376437787541e-12,
  "linear_x_rmse": 0.002787920042364117,
  "linear_y_rmse": 0.003878581184448103,
  "l2_error": 0.011487943490099139,
  "h1_semi_error": 0.27257793311911294,
  "boundary_l2": 0.009490644841464276
}